title,content,stamp,categoryId,subCategoryId,updateTime
"","私人飞行执照 （Private Pilot Certificate）

      学会开飞机，拥有私人飞行执照是实现翱翔蓝天梦的第一步，是通往现代航空的第一课。私人飞行培训课程包括飞前准备，地面操作，起飞和降落，导航和跨界飞行，基本仪器仪表操作，抛锚，紧急应对，夜间操作，与飞行后事宜处理。私人执照可以对多种机型操作并允许携带一名乘客。","1417765841075",2,21,
"公司简介","<blockquote>
<p>上海<a href=""http://www.lovefly.com"">航记飞行</a>投资有限公司是北美及欧洲多家全球著名飞行机构在中国的唯一合作伙伴。目前投资了<a href=""http://www.lovefly.com"">爱●飞行</a>网<a href=""http://www.lovefly.com"">www.lovefly.com</a> 。公司秉承打造中国面向公众的第一航空飞行机构，为飞行爱好者，职业飞行员，与飞行相关的各企事业单位在中国低空飞行领域提供全方位一体化的标准与服务。</p>

<p>公司目前主要从事飞行员培训、飞行维修培训、飞行员职业规划，以及飞机销售与租赁等。公司现可提供欧州航空安全局（EASA)和美国联邦航空局（FAA)认证的飞行执照专业培训，包括私人飞行、商用飞行，和仪器仪表飞行培训。公司在美国，加拿大，澳大利亚，欧洲都有多家专业的培训基地。</p>

<p>公司高层人员20%为博士，其中专业金融投资管理人员占50%，管理团队由计算机 、金融、投行、航空、学校的专业团队组成，致力于打造中国飞行培训第一品牌。</p>
</blockquote>

><p>地址： 上海徐家汇天钥桥路859号北海大厦1号楼6层FG座</p>

><p>电话： 400-602-1513；          传真 （021）6486-1003</p>

><p>E-Mail: <a href=""mailto:info@lovefly.com"">info@lovefly.com</a>        主页：<a href=""http://www.lovefly.com"">www.lovefly.com</a></p>","1417848946475",5,51,"1417848984059"
"常见问题","1. 学开飞机要多长时间，要花多少钱?


>这两个问题是最常被问到的，但是在学习的课程中有太多的因素，这样的问题一般会根据个人，我们一对一的给予不同的解答。然而，下面一些事实可以供您参考：

>> 1）根据美国联邦航空局要求，取得私人飞行执照需要最少35小时的飞行时间。然而一般的平均水品是74小时的飞行时间。我们学员的平均飞行时间是54小时，因此您可以节省大量的时间和金钱。

>> 2）一个全职学生（每个星期4-5节课）一般能在八个星期内完成私人飞行执照课程。如果您能够偶尔一天上两节课，这样的进度就更容易了。一个类似水平的学生一般能在43个星期左右完成私人，仪器仪表，商用，多引擎，CFI，CFII 和 MEI 的学习并取得执照。

>> 3）每个人学习能力是不一样的：当你的课程大纲告诉你一个能够让你获得最大学习效率的学习框架和顺序时，你的熟练程度就可以作为你应该加强学习哪一部分的风向标。安全和掌握永远是我们的第一指导。

>> 4）费用是与时间挂钩的。你学得越快，费用越低。具体的费用算法，我们公司会对您做一个一对一的解答。

2. 学开飞机有健康要求吗?

> 在你第一次独立飞行之前，你必须通过美国联邦航空局的体检AME。我们强烈建议您在飞行前获得这个体检医疗证书。过程十分简单：找到一个离您最近的 AME联系他们并预约通过体检并取得证书。这个证书有三个不同级别。私人和 仪器仪表必须要达到3级；商用必须要取得2级；运输飞行员 必须要获得1级。只要您达到合适的健康标准，AME 就会给你颁发证书。


3. 体检包括哪些内容？

> 体检是由航空体检医生完成的。检查内容包括视力（可佩戴矫正镜片） 、 听力 、 血压及尿检查。检查不包括抽血或者任何其他的侵入性检查。另外您还需提供您正在服用的药物清单，以及可能影响您独立飞行的一些健康状况。

4. 如何报名飞行培训课程?

> 您可以有三种方式报名我们的飞行培训课程。
>> 1). 来我们办公室报名；
>> 2). 访问我们的网站报名；
>> 3). 填写这本小册子最后一页的报名表，并把它寄到我们公司。


5. 为什么要选择我们公司的培训课程？

> 1）我们拥有遍布美国，加拿大，澳大利亚和欧洲的培训基地；

> 2）我们的培训基地拥有经验丰富的教练，与先进的培训设施（包括飞机，模拟机，机场等）；

> 3）我们的培训基地都处在具有最适合飞行培训的气候条件，地理地形的地区；

> 4）我们在培训基地在业界具有良好的口碑；

> 5）我们能够颁发欧州航空安全局（EASA)和美国联邦航空局（FAA)认证的专业飞行执照；

> 6）我们为您量身定制适合您个人的培训课程，提供最佳的培训质量，更低的培训费；

> 7）我们的培训基地处在风景秀丽，气候宜人的旅游城市，让您能够完成培训课程同时，领略当地风光，享受当地美食；

> 8）我们是国内首家，也是最大的正规飞行培训机构。能够为你提供飞行培训，飞行娱乐，飞行职业等一体化的方案。我们的专
业与热情也是您选择我们不可忽略的因素。

> 总之，我们是最棒的，选择我们您不会后悔的。
6. 培训课程什么适合开始?
您可以选择以自己的节奏，一对一的飞行培训课程，随时可以开学。

7. Part 61 与Part 141有什么区别?

> 两者皆是受美国联邦航空局授权并监督的飞行培训标准。拥有Part141资质的培训学校每年需要接受一次航空局的例行检查，包括学校的设施，飞机，课程大纲，学生记录，以及飞行教员的驾驶水平。只有获得Part141资质的学校才能享受VA津贴，招收国际学员，以及更低的飞行小时数要求。不管选择哪种培训标准，你最终获得的飞行执照是一样的。 至于Part 61还是Part 141哪一个更适合您，依您自身是否拥有一定的飞行经验有关。目前，Part 141唯一的优势就是可以在仪器仪表执照培训上节省50个小时的主飞行员跨区飞行时间。但如果你的目标是取得商业飞行员执照，不管怎样您都需要这个主飞行员跨区飞行时间。


8. 需要准备哪些飞行员专用物品？

> 我们为每个学员准备了一个大礼包。里面包含了飞行学员专用物品套装：7张介绍各种与航空相关知识的DVD（价值$215美金）；FAA航空飞行手册与FAA航空知识教材（价值$38美金）；一本飞行日志本与一支圆珠笔（价值$15美金），一个飞行员专用耳机（价值$100美金），一个膝上图夹（价值$45美金)，一个燃料测试器（价值$9)，一份航空站与航空线路地图（价值$15美金），以及一个合适的用于夜间飞行的手电 （价值$100美金）。</p>

9. 参加学习培训需要购买人生与医疗保险吗？

> 虽然培训基地有为每个学员购买飞行训练时的50-100万美元的第三方责任险与5万美元的医疗险。我们建议学员需要自己购买其它时候的人生与医疗保险。

10. 如何成为一名职业飞行员?

> 1）第一步：取得私人飞行员执照；能够驾驶私人飞机。

> 2）第二步：取得仪器仪表培训证；能够在云中安全飞行及正确使用空中交通管制系统。

> 3）第三步：取得单引擎商业飞行员执照；能够驾驶单引擎的商用飞行器，并为此获得报酬。

> 4）第四步：取得多引擎商业飞行员执照；能够驾驶多引擎的商用飞行器，并为此获得报酬。

11. 开飞机是否安全?

> 安全是一个相对的概念。举个例子，如果您需要从美国西海岸到东海岸，大概2900英里，开车大概需要42小时，走路需要948小时（以Google Map为准），开飞机比开车和走路都安全。当然开飞机是否安全与你对开飞机飞行的熟练程度，以及飞机机型等有关。

12. 拥有飞行执照可以做什么？

> 简单的说，拥有飞行执照您就可以自己开飞机，翱翔蓝天，实现自己的飞天梦。携带自己的爱人一起，表达爱意，欣赏美景，享受温馨时光。展现自我，最求时尚，体现自己的人生价值。

> 拥有一张私人飞行驾驶执照，您可以不受越来越拥堵的城市交通限制，可以缩短你的旅程，节省您的宝贵时间，减少疲劳，使许多原先不能去的地方变成可能，使您的工作更有效率，走亲访友，增加娱乐，使您的生活更加丰富，使您拥有一份与众不同的人生经历。

> 拥有一张商业飞行驾驶执照，您可以在实现自己的飞行梦的同时还能拥有一份收入丰厚，受人尊重与羡慕的职业。据调查未来20年内，全球需要新增近47万名飞行员，随着市场对职业飞行员需求的增加，职业飞行员又是一份稳定的职业。作为一名职业飞行员，您可以从事一下一些工作（仅供参考）。

>> a.  商业航空飞行员

>> b.  区域航空飞行员

>> c.  租赁飞机飞行员

>> d.  货物运输飞行员

>> e.  军事/部队飞行员

>> f.   飞行教练

>> g.  无人区飞行的飞行员

>> h.  作物喷粉的飞行员

>> i.  拉广告横幅飞机飞行员","1417849491777",1,15,"1417851295153"
"私人飞行执照（Private Pilot Certificate）","&nbsp;&nbsp;&nbsp;&nbsp;学会开飞机，拥有私人飞行执照是实现翱翔蓝天梦的第一步，是通往现代航空的第一课。私人飞行培训课程包括飞前准备，地面操作，起飞和
降落，导航和跨界飞行，基本仪器仪表操作，抛锚，紧急应对，夜间操作，与飞行后事宜处理。私人执照可以对多种机型操作并允许携带一名乘客。

<br/><br/>

![title](http://lovefly.qiniudn.com/feixing1.jpg)","1417849556775",2,21,
"仪器仪表操作执照（Instrument Rating）","&nbsp;&nbsp;&nbsp;&nbsp;顺利完成该课程能够保证飞行员在全球任何地方对航空管制系统进行独立正确安全操作，能够在更广泛的气候条件下（低能见度）进行飞行操作。拥有仪器仪表执照是航空公司招生时的最重要考察指标。

<br/> <br/>

![rating](http://lovefly.qiniudn.com/rating.png)","1417850119137",2,22,
"商业飞行执照 （Commercial Pilot Certificate）","&nbsp;&nbsp;&nbsp;&nbsp;商业飞行执照分为单引擎与多引擎两种。单引擎只能对单引擎飞行器操作。多引擎可以对多引擎飞行器操作。只有拥有商业飞行执照才能成为一名职业的飞行员，才能执行收费的载客或者载货飞行任务。
<br/><br/>

![Certificate](http://lovefly.qiniudn.com/certificate.jpg)","1417850462620",2,23,
"商业飞行执照 （Commercial Pilot Certificate）","<p>&nbsp;&nbsp;&nbsp;&nbsp;商业飞行执照分为单引擎与多引擎两种。单引擎只能对单引擎飞行器操作。多引擎可以对多引擎飞行器操作。只有拥有商业飞行执照才能成为一名职业的飞行员，才能执行收费的载客或者载货飞行任务。
<br/><br/></p>

<p><img src=""http://lovefly.qiniudn.com/certificate.jpg"" alt=""Certificate"" />
</p>","1417850603230",2,24,
"多引擎飞行执照（Multi-engine Rating)","&nbsp;&nbsp;&nbsp;&nbsp;目前市场对拥有多引擎飞行执照的飞行员需求越来越多。该课程重点放在提高学员对多引擎飞行器的操作技巧与熟练程度。
<br/><br/>

![multi](http://lovefly.qiniudn.com/multi.jpg)","1417850747773",2,25,
"其它执照（Others）","<p>
<font color=""red"" size=""4"">&middot;</font>飞行教练认证<br/>
<font color=""red"" size=""4"">&middot;</font>仪器仪表飞行教练认证<br/>
<font color=""red"" size=""4"">&middot;</font>多引擎教练认证<br/>
<font color=""red"" size=""4"">&middot;</font>运输机飞行执照<br/>
<font color=""red"" size=""4"">&middot;</font>飞机维修培训<br/>
<font color=""red"" size=""4"">&middot;</font>所有课程内容均以官方网站为准</p>

<p><br/>
<br/></p>

<p><img src=""http://lovefly.qiniudn.com/others.png"" alt=""title"" />
</p>","1417851241109",2,26,"1417852104866"
"飞行器和模拟器类型","<font color=""red"" size=""4"">&middot;</font>&nbsp;每个培训基地都有质优量多的飞行器与模拟器供学员使用。<br/>
<font color=""red"" size=""4"">&middot;</font>&nbsp;所有的器械都是通过FAA或者EASA认证的。<br/>
<font color=""red"" size=""4"">&middot;</font>&nbsp;不同的培训基地拥有不同类型的飞行器与模拟器。但大部分都拥有以下几个机型的飞行器与模拟器：<br/>
&nbsp;&nbsp;&nbsp;&nbsp;1.&nbsp;赛斯纳152-捕天者（Cessna 152-SkyCatcher)<br/>
&nbsp;&nbsp;&nbsp;&nbsp;2.&nbsp;赛斯纳172-天鹰（Cessna 172-SkyHawk)<br/>
&nbsp;&nbsp;&nbsp;&nbsp;3.&nbsp;Piper Arrow (Complex)&nbsp;<br/>
&nbsp;&nbsp;&nbsp;&nbsp;4.&nbsp;Piper Seneca (Multi-engine)<br/>
&nbsp;&nbsp;&nbsp;&nbsp;5.&nbsp;FLY-IT Ground Trainer (Single/Multi-engine)<br/>

<br/>

<font color=""red"" size=""4"">&middot;</font>&nbsp;所有飞行器与模拟器的图片仅供参考。","1417852523446",1,13,
"赛斯纳152-捕天者（Cessna 152-SkyCatcher)","&nbsp;&nbsp;&nbsp;&nbsp;赛斯纳152 “捕天者”系列型飞机是一款双座，三点式固定起落架的单引擎通用航空飞行器。主要用于飞行培训与个人用途。

<br/><br/>

![Cessna](http://lovefly.qiniudn.com/cessna.png)","1417852672356",1,13,
"赛斯纳172-天鹰（Cessna 172-SkyHawk)","&nbsp;&nbsp;&nbsp;&nbsp;赛斯纳172“天鹰”系列是赛斯纳飞机公司研制生产的4座单发活塞发动机轻型螺旋桨飞机，是世界上最成功的生产量最大的轻型通用飞机。 它坚固耐用，性能优良，符合民航仪表飞行法规要求，容易驾驶和维护，起降场地要求很低， 占据世界私人飞机和初级训练飞机市场的主导地位。

<br/><br/>

![Cessna172](http://lovefly.qiniudn.com/cessna172.png)","1417852797456",1,13,
"派珀弓箭型飞机Piper Arrow（Complex）","&nbsp;&nbsp;&nbsp;&nbsp;派珀弓箭型飞机是一款复杂类单引擎教练机。是专为航空训练学校的学员提供的一架理想又经济的空中教室，让学员在天空中对于复杂的，单引擎训练可以有反复训练。数以千计的人在世界各地从事航空服务，所以您选择派珀箭作为教练机将会是一个明智的选择。
<br/><br/>
![piper](http://lovefly.qiniudn.com/piper.png)","1417852942844",1,13,
"派珀塞内卡系列飞机Piper Seneca (Multi-engine)","&nbsp;&nbsp;&nbsp;&nbsp;派珀塞内卡在世界范围内给那些航线中无法找到民航航班的客户提供安全、可靠的商务旅行。 是完美的商务工具，它配备了超大的机舱入口，行李门和舒适的二等舱内室。 无论从飞机本身还是飞行性能，派珀塞内卡都将会是您舒适的个人交通工具和商务旅行工具。用塞内卡作为教练机，更是让你的商业飞行执照培训更充满自信。

<br/><br/>

![piperseneca](http://lovefly.qiniudn.com/piperseneca.png)","1417853058289",1,13,
"单/多引擎地面模拟器(FlyIt® Professional Simulator)","&nbsp;&nbsp;&nbsp;&nbsp;FLYIT ® 模拟器是FAA认证的专业飞机与直升机模拟器的业界领袖。它具有优良的性能与可靠性。广泛应用于直升机紧急医疗服务，军事，执法，以及专业的飞行培训机构，为新学员飞行学习提供高效训练环境。为老飞行员保持飞行熟练程度提供完美训练空间。
<br/><br/>

![FLYIT](http://lovefly.qiniudn.com/flyit.png)","1417854785095",1,13,
"圣地亚哥 （美国加州）","<p>&nbsp;&nbsp;&nbsp;&nbsp;该基地位于气候宜人的南加州旅游城市圣地亚哥。有着最适合飞行的气候与环境。也是许多飞行爱好者寻求职业发展的首选之地。基地拥有先进的培训设施，培训教练，与培训经验。
<br/><br/></p>

<p><img src=""http://lovefly.qiniudn.com/sd.png"" alt=""sd"" />
</p>
","1417855435275",3,32,"1417855592750"
"奥兰多（美国弗州）","<p>&nbsp;&nbsp;&nbsp;&nbsp;奥兰多是世界上最好的休闲旅游城市之一。有许多世界上著名的旅游设施， 比如迪士尼，哈利花园，海洋世界等等。晴朗的天气为飞行员提供了更好的视野和更适宜飞行的条件。
<br/><br/>
<img src=""http://lovefly.qiniudn.com/ol.png"" alt=""奥兰多"" />
</p>
","1417855912535",3,32,"1417855923012"
"迈阿密（美国弗州）","&nbsp;&nbsp;&nbsp;&nbsp;迈阿密拥有全美最适合飞行的海岛天气。可以在这里体验到在别去无法尝试的海上飞行。充裕的飞行设备可以保证你学习计划的按时完成。
<br/><br/>
![迈阿密](http://lovefly.qiniudn.com/mai.png)","1417856094629",3,32,
"麦夸里港（澳大利亚新南威尔士州）","&nbsp;&nbsp;&nbsp;&nbsp;地处美丽的海滨城市，保持了25年的良好业内声誉，拥有丰富的培训经验和优质的培训设施。该基地培养的学员比其它地方的学员更容易找到工作。为澳大利亚乃至国际飞行领域输送了大批飞行人才。<br/><br/>

![麦夸里港](http://lovefly.qiniudn.com/mk.png)","1417856198694",3,32,
"渥太华（加拿大安省）","&nbsp;&nbsp;&nbsp;&nbsp;该基地位于加拿大首都，一座美丽，友善的双语城市。在这里，你不仅能够接受高质量的飞行培训，体验难忘的飞行经历，而且能够欣赏美丽的加拿大风光，友善的渥太华人，安逸的加拿大人生活方式。<br/><br/>

![渥太华](http://lovefly.qiniudn.com/wth.png)","1417856298544",3,32,
"马拉加（西班牙）","&nbsp;&nbsp;&nbsp;&nbsp;位于地中海与大西洋交汇处，采用英语教学。暖和的气候条件使该基地成为欧洲最适合飞行培训的地方之一。提供欧洲航空安全局认证的私人飞行与商业飞行等各种执照。
<br/><br/>

![马拉加](http://lovefly.qiniudn.com/malajia.png)","1417856414781",3,32,
"圣地亚哥校园展示","<font color=""red"" size=""4"">&middot;</font>&nbsp;在这您可以找到很多重要的、帮助你实现职业理想的资源。<br/>
<font color=""red"" size=""4"">&middot;</font>&nbsp;校园坐落于Aero Drive Montgomery Field Municipal机场的对面。在那里有17条航线和许多停机坪。<br/>
<font color=""red"" size=""4"">&middot;</font>&nbsp;学校的办公室，会议室，派遣桌，资源室，考试室，电脑中心，私人会面中心，模拟器和学院中心都配备了一级中央空调，以及独立熟食店，咖啡吧，和室外用餐区。<br/>
<font color=""red"" size=""4"">&middot;</font>&nbsp;Montgomery Field是一个配备了航空塔楼的高交通容量的航空中心，在这您可以体验更多的状况，并获得更多的飞行经验。<br/>
<font color=""red"" size=""4"">&middot;</font>&nbsp;这里的理想气候也为您提供了优良的环境与最好的体验。<br/>
<font color=""red"" size=""4"">&middot;</font>&nbsp;校园周边也又很多定价合理的住宿，商店和饭店。<br/>
<font color=""red"" size=""4"">&middot;</font>&nbsp;我们期望着你的到来！<br/><br/>

![圣地亚哥校园展示](http://lovefly.qiniudn.com/sd-school.png)","1417856739863",3,32,
"校园取景(1)","<h3>停机坪<br/><br/></h3>

<p><img src=""http://lovefly.qiniudn.com/qj1-1.png"" alt=""停机坪"" width=""345"" />

<img src=""http://lovefly.qiniudn.com/qj1-3.png"" alt=""停机坪"" width=""414"" />
<br/>
<br/><br/></p>

<h3>机场<br/><br/></h3>

<p><img src=""http://lovefly.qiniudn.com/qj1-2.png"" alt=""机场"" />

<img src=""http://lovefly.qiniudn.com/qj1-4.png"" alt=""机场"" />
<br/></p>","1417857407289",3,32,"1417859186485"
"校园取景(2)","<h3>校园办公楼</h3>

<p><br/>
<img src=""http://lovefly.qiniudn.com/qj2-1.png"" alt=""校园办公楼"" width=""640"" />
</p>

<p><br/><br/><br/></p>

<h3>休息室</h3>

<p><br/>
<img src=""http://lovefly.qiniudn.com/qj2-2.jpg"" alt=""休息室"" />
</p>

<p><br/><br/><br/></p>

<h3>模拟仓</h3>

<p><br/>
<img src=""http://lovefly.qiniudn.com/qj2-3.jpg"" alt=""模拟仓"" />
</p>","1417857790849",3,32,"1417857837572"
"航空招飞压力大 明年飞行员缺口将达1万",">高薪+稀缺，让飞行员成为许多人梦寐以求的职业。

> 近日来，各种有关招飞的新闻不断。面对高薪的诱惑，许多年轻人都蠢蠢欲动，梦想成为其中的一员。然而要想成为飞行员，有哪些途径？哪些人才有资格竞争飞行员？记者趁2011中国民航飞行员培训大会召开之际采访了春秋航空有限公司（Spring Airlines Company Limited，简称“春秋航空”）、上海金汇通用航空有限责任公司等多位航空公司负责人和飞行员。

>最新动态

> 飞行员需求：到2015年我国飞行员人才缺口将达1.8万名

> 据今年第三季度飞行员统计数据显示，目前，我国取得私照的男性飞行员人数达2458人，女性仅为63人；取得商照的男性飞行员达到12751人，女性则为94人。而这些飞行人才远远不能满足市场的需求。记者从刚刚落幕的2011中国民航飞行员培训大会上获悉，到2015年，我国飞行员缺口将高达1.8万名，这意味着未来几年中，我国民航业每年要有2500名-3000名新飞行员上岗。

![我国飞行员缺口大](http://lovefly.qiniudn.com/2611191119b0a565779729.jpg)

>通用航空未来10年飞行员需求超过1.5万人

>北京航空航天大学通用航空产业研究中心主任高远洋博士告诉记者，中国通用航空发展空间巨大，公务飞行、商用飞行、空中游览、私人驾照培训正受到越来越多人的青睐。目前，中国航空运输市场发展强劲，已跻身全球第二，但通用航空飞行员却跟不上发展，教练机、培训机场及飞行教员的匮乏也阻碍了通用航空飞行员的培养速度。据了解，美国现有约59.7万名通用航空飞行员，而我国在册通用航空飞行员数量不足4000人，预计未来10年我国对通用航空飞行员的需求量将超过15000人。当前，通用航空多是从商业航空公司挖飞行员。

>高远洋博士说，中国大陆现有85.7万个千万富豪和5.5万个亿万富豪，其中六分之一的富豪计划购买私人飞机。目前上海拥有私人飞机驾照者已超过百人。

>飞行员供给：7所培养学历飞行员院校每年毕业约2000人

>目前我国7所培养学历飞行员的院校每年输出的飞行员总数仅为2000人左右。在中国民用航空局公布的紧缺专业名单中，飞行技术人员排在首位。预测未来20年，中国的航空公司将有约4700架新飞机交付，现有飞行员远远不能满足市场需求。面对人才荒，各大航空公司也开始自主招飞加速人才培养。

>招飞招数

>各大航空公司进入大学招飞行员

>上海春秋航空副总裁、总飞行师沈巍说，春秋现有飞机30架，飞行员仅有300人，每次航班都要配备机长和飞行员，飞行人才实在是供不应求。

![聘用外籍飞行员](http://lovefly.qiniudn.com/261119230ef24fcd916099.jpg)

>此外，按照国航的“十二五”规划，到2015年末，中国国际航空股份有限公司（Air China Limited，简称“国航”）西南分公司的飞机总数将达到94架，而其现有飞行员不到800人，缺口巨大。与此同时，中国东方航空股份有限公司（China Eastern Airlines Corporation Limited，简称“东航”）也表示紧缺大量高素质飞行人才，此前他们就进入上海交大、复旦大学、华东理工大学进行招飞宣讲。

>聘用外籍飞行员，但目前已收紧

>由于本土飞行员人才有限，不少航空公司还会使用外籍飞行员，如春秋航空目前300名飞行员中就有30名外籍飞行员。据了解，国内几乎所有航空公司都有“洋机长”，来自美国、巴西、韩国、加拿大、澳大利亚、新加坡等20多个国家和地区，总数已达1300多人。但今年8月上海吉祥航空有限公司（Shanghai Juneyao Airlines Co.,Ltd.，简称“吉祥航空”）韩国籍机长“拒让门”事件发生后，中国民用航空局已收紧了外籍飞行员的开放门槛。因此，自己培训飞行员，仍是今后各航空公司的主要选择。

>自设培训中心培养飞行员

>对飞行员的需求上升，部分航空公司也开始考虑为自身的人才缺口进行输血培养。沈巍表示，春秋航空就已在浦东机场综合保税区选址，将建立一个飞行培训中心，这也意味着国内首家民营航空飞行培训中心将落户上海。据透露，该培训中心将于2013年启用，先期购买两台模拟机。

>通用航空有望向民用航空输送飞行员

>中国航空飞行员培训大会上，业内专家建议，我国可建立由通用航空向民用航空输送的渠道，避免新毕业飞行员飞行小时太少技术不娴熟的状况。据了解，在欧美一些发达国家，飞行员进入大型航空公司前，必须有多年的飞行通用航空飞机或者实习的经验。春秋航空总飞行师沈巍透露，春秋也设想要筹办一家通用航空公司，飞行学员毕业后，先进入通用航空公司积累飞行经验，经过3-5年的实际飞行后，成长为一名成熟的副驾驶或机长，再进入公司驾驶大型民用飞机，完成经验的积累和过渡。

![身体素质门槛高](http://lovefly.qiniudn.com/26111933ae1eef64828550.jpg)

>入职门槛

>想当飞行员，先过这些关

>■身体关

>航空公司会要求报考者身体条件符合《民用航空招收飞行学生体格检查鉴定管理办法》，男性身高要在170-185厘米，女生身高则要求在165厘米-175厘米。体重也要符合飞行员的体重指数标准。单眼裸眼视力一般不低于0.3。此外，有的航空公司还表示，如果体检时报考者被发现有文身也会被拒之门外，腿长得明显O或X形，或有骨与关节疾病或畸形的也不可报考。中国民航飞行学院招飞时条件更为严厉，对患有久治不愈的皮肤病、口吃、慢性肠胃道疾病、肾炎以及较重的砂眼或是有晕车晕船现象的报考者一律不予接受。

>■英语关

>不少航空公司在招飞时，都会提出相应的英语要求，如要求报考者在具备本科以上学历的同时，英语也需要通过四级。

>■年龄关

>绝大多数的航空公司对报考飞行员者的年龄明确限制，一般都要在25周岁以下。

>报考飞行员的3种途径

>1.考飞行学院，不少航空大学或专业的飞行学院都有相关的专业；

>2.高校转专业，一些航空大学的学生，条件合格可以转入飞行员专业；

>3.社会招录。有些毕业1-2年的大学生或研究生，也可以向航空公司报名，经培训从事飞行员的工作。以往一些条件优秀的中专或技校生也可向航空公司报名。但现在飞行员的学历普遍提升，基本都在本科以上。飞行学员要顺利毕业，必须获得航线执照资格和ICAO英语四级证书。由于各种原因，每年均有相当数量的飞行学员无法顺利通过这两项考试。此外，有些学员因无法渡过心理关，畏惧飞行训练，最终也导致无法毕业，虽然比例较小，但每年都会存在这样的个别现象。

![飞行员的成长培训费用巨大](http://lovefly.qiniudn.com/2611210700c2869d159348.jpg)

>维权前线

>飞行员的劳动合同有两种情况

>近年来，相继出现的飞行员集体罢飞事件、机长集体告假事件、飞行员跳槽事件引起了社会的广泛关注。如2007年5月，机长兼A类教员的郑志宏向公司东航辞职，在劳动仲裁过程中东航提出了1257万元的天价索赔。那么飞行员在维权方面有何注意事项呢？

>上海天尚律师事务所合伙人詹德强律师说，目前，就飞行员劳动权益保障我国并没有单独立法，除了民航局等部委也下发的一些专门规范飞行员劳动关系的文件外，主要还是比照《劳动合同法》的相关规定进行处理。

>在公共航空运输活动中，航空公司与飞行员之间为用人单位和劳动者之间的劳动关系，航空公司与乘客之间为运输合同当事人之间的民事关系。在运输合同履行过程中，飞行员对乘客负有安全、及时运输其到达目的地的义务，出现如飞行员因劳资维权导致的罢飞等飞行事件时，乘客仅能作为消费者向航空公司主张权益，而航空公司则依据其与飞行员之间的劳动关系处理有关争议。

>对于罢飞，詹德强律师指出，其在本质上是一种罢工行为，罢飞的行为在法律上并不能获得支持。他建议，飞行员作为航空公司雇员在行使劳动权益维权时，应当遵循正当合法的法律方式和程序，不应当利用自身地位和条件，损害第三方乘客的利益，特别是不能以乘客的飞行安全作为维权的筹码，“绑架”乘客使之沦为劳资双方博弈的无辜受害者。一般来讲，飞行员可通过正常途径，如工会、航空公司行政主管部门等反映诉求，或直接通过仲裁、诉讼等法律手段维权。

![高薪背后有高压](http://lovefly.qiniudn.com/261119554ad74d236f4982.jpg)

>此外，飞行员签订合同时要注意以下条款是否确定化：一是另行择业方面的规定，如辞职流程、培训费用数量计算方面的规定；二是对薪资增长方面的规定、薪资体系构成；三是工作时间、工作强度、加班的规定，四是对工作岗位的安排和调动方面的规定；五是对争议解决的规定。

>实践中，飞行员签订劳动合同，通常分为两种情况，一种是准飞行员，即尚未取得飞行资格，此时签订合同中应强调保障基本权益，如签署书面合同形式、工资报酬、保险福利等。另外一种为已经取得飞行资格的飞行员新签订或续签劳动合同，此种情形下，应重点考虑劳动期限长短、工作时间、工作强度、薪资福利体系、加班的约定等。

>在竞业限制方面，部分飞行员也会受到限制。按照《劳动合同法》等的规定，竞业限制的对象为用人单位的高级管理人员、高级技术人员和其他负有保密义务的人员，这一规定同样适用飞行员，当然是具有特定岗位或要求的飞行员，而并非以飞行驾驶技术谋生的普通飞行员，航空公司可以与之签订竞业限制协议。

>飞行员：高薪背后有高压

>许多家长都期望孩子成为一名飞行员，对此上海金汇通用航空有限责任公司刘嘉芳提醒说，做飞行员需具备诸多素质，除了具备精湛的驾驶技术、全面的理论知识支撑外，心理素质也是飞行员必过的一大关。

>案例

>飞行员的酸甜苦辣和发展轨迹

>■某航空公司飞行员小东 ■飞行驾龄：4年

>小东已做了四年的飞行员，想当初刚飞上蓝天时，他也有些紧张。但多次锻炼下来，在空中飞行已成为一种习惯，也就没有当初那么忐忑了。小东说，由于飞行员比较紧缺，公司里有些60多岁的老飞行员退休后仍坚持在工作岗位。小东说，飞行员的收入一般由两部分组成，即基本工资+飞行小时费。基本工资一般在1万元左右。对于刚参加工作的飞行员来说，一年的收入大约在15万元。

>飞行员的发展轨迹一般是从飞行学员——副驾驶——航线机长——机长。做到飞行副驾驶，薪水也会有很大的提升，根据机型不同，薪水也多少不一，一般驾驶重型机的飞行员，年薪在40万元左右。而如果做到机长，年薪上百万元也就不稀奇了。当然，不论做到怎样的级别，飞行员的飞行次数都受到严格的控制，每位飞行员，一年的飞行小时都不能超过1000小时，且每天的飞行时间累计不能超过8小时。航空公司的这一铁律也是防止飞行员疲劳驾驶，以保护乘客的安全。

>小东现在驾驶的是一架空中客车A330的客机，可载客298人。每个月，他大约要来回飞10趟，经常飞国外航线，如到法国巴黎、到澳大利亚的悉尼等等。刚让小东看稿子，他QQ说自己正在巴黎。做一名飞行员，工作时精力高度集中，所以有时一个航程下来，也会感到疲倦，好在一个月他也有15天的休息时间，可以自由安排自己的时间，例如他空下来也会打打游戏。他说，自己也有许多朋友在做飞行员，有的在海航，也有的在国航，大家有时也会一起聊聊天。

>小东告诉记者，自己在一所航空大学读书时正好碰到招飞，本来学机械工程的他就转入了飞行员班，误打误撞选择了一份以蓝天为施展舞台的职业。在他的同事中，最年轻的机长仅30岁。

>小东说，飞行员的安全意识都特别强，自己有时也是，对于一个熟练的动作，都反复琢磨，可谓慎之又慎。谈到将来的打算，他下一步的目标是做航线机长。对于更远的打算，他笑称还没想那么远，总之想扎实走好当下的每一步。

![飞行员，并非“铁饭碗”](http://lovefly.qiniudn.com/2611201929148f98e21949.jpg)

>飞行员这份职业并不是一劳永逸的职业。就拿机长来说，如果熟练检查不合格，须增加至少200小时副驾驶经历，经补充训练后才能再次检查，如果连续3次熟练检查不合格，3年内就被取消机长资格，并至少再建立1000小时副驾驶经历。碰到紧急事件时，要能迅速、准确地分析当前的情境，并作出合理的应对方案。

>飞行员要防止“技能负迁移”影响

>飞行员的经验很重要，但是又要能摆脱以往的思维定势，要有灵活应变的能力，防止“技能负迁移”的消极影响。毕竟，同一类型的特殊情况，其产生的环境、外界条件以及诱发原因不尽一致，有时具体问题还得具体分析，要既借鉴又不受过去经验的束缚。

>上海春秋航空副总裁、总飞行师沈巍告诉记者，别看飞行员听起来特别光鲜耀眼，其实其中辛苦只有自己知道。他说，自己从1988年做飞行员以来，常常凌晨4点钟就起床，碰到传达室的大爷，他常常自嘲自己和卖菜的大爷大婶起得一般早。这么多年，对家庭他也照顾得很少，所有这些只因他是一名飞行员。

>飞行员流动，要尽量选择熟悉的团队

>由于飞行员在各大航空公司都存在稀缺现象，飞行员的流动也十分常见。不过，业内人士提醒，飞行员在跳槽时，最好要考虑三个问题：首先地理环境，其次是人文环境，最后才应该考虑收入。

>在收入情况已经改善的情况下，仍然选择离开舒适的环境和熟悉的团队，其中的机会成本很高。

>关注私人飞机网官方微信（微信号：hangqu001）与飞行员畅谈飞行知识，关注通航产业最新动态，了解私人飞机驾照等信息！

>[爱飞网](http://www.lovefly.com) [www.lovefly.com](http://www.lovefly.com)
>本文链接地址：[航空招飞压力大 明年飞行员缺口将达1万5人](http://lovefly.com/post/index?stamp=1417858085996)","1417858085996",1,12,"1417858177540"
"校园取景(3)","<p><h3>
我方代表和校长<img src=""http://lovefly.qiniudn.com/qj3-1.jpg"" alt=""我方代表和校长"" width=""200"" />&nbsp;&nbsp;&nbsp;&nbsp;
学校斩获的各种荣誉<img src=""http://lovefly.qiniudn.com/qj3-2.png"" alt=""学校斩获的各种荣誉"" width=""200"" />
</h3><br/></p>

<br/>

<h3>办公室和办公人员</h3><br/>

<p><img src=""http://lovefly.qiniudn.com/qj3-3.jpg"" alt=""办公室和办公人员"" />
</p>","1417858352990",3,32,"1417858651629"
"亚太未来飞机需求超万架 飞机上将可充电WIFI覆盖",">波音和空中客车两大航空制造商主导着国际民航市场，它们对于市场和技术的观点，往往影响着未来的方向。
 
>近日，波音公司发出预计：亚太地区航空公司在未来20年将需要12820架新飞机，总价值1.9万亿美元，占到全世界新飞机交付量的36%。
 
>波音民用飞机集团市场营销副总裁兰迪·廷塞斯在刚结束的新加坡航展上表示：“亚太地区的经济和客流持续显示出强劲增长。未来20年，全世界航空运输量的近一半将由进出该地区和该地区内部的旅行带动。亚太地区的机队规模将达到现在的近3倍，从2012年的5090架飞机增长到2032年的14750架，以支持这一需求的增长。”根据波音的数据预测，该地区的客运航空公司将主要依赖于新一代737和737 MAX这样的单通道飞机来运输乘客。单通道飞机将占到该地区新飞机的69%。
 
>兰迪表示：“新的低成本航空公司和亚洲内部的旅行需求已经给单通道市场带来显著的增长。像新一代737和737 MAX这样的高效飞机，帮助日益增多的低成本航空公司以更高的效率向新兴中产阶级提供合理的票价。” 
  
>对于长途运输，波音预测，像747-8洲际客机、777和787梦想飞机这样的双通道飞机将占到新飞机交付量的28%。波音不久前启动的787-10和777X将支持该地区对高效双通道飞机的需求。新加坡航空已经作为启动用户在2013巴黎航展上订购了30架787-10，国泰航空则在不久前订购了21架777-9X飞机。
 
>空中客车公司对亚太市场的研究成果则体现在另一个方面。日前，这家企业对外公布了一项针对亚洲旅客对航班乘坐舒适性需求的最新研究报告，报告显示，亚洲旅客非常注重远程航班经济舱的乘坐舒适性。这份名为“面向未来的航空旅行舒适性研究——亚洲篇”的研究报告由全球知名咨询机构未来实验室完成，他们对日益增长的亚洲旅客对于航班乘坐舒适性有着怎样的需求进行了深入调查。
 
>根据空客最新航空市场预测，到2032年，全球航空旅客中的45%来自于亚洲，亚洲旅客届时将完全引领航21世纪航空出行的大潮，他们对于未来经济舱乘坐舒适性的需求也就显得至关重要。
 
>由于社交媒体的快速发展以及更多的人在互联网上分享自己的飞行体验，越来越多的新兴人群开始了解航空业并且对客舱舒适程度提出了更高的要求，空客的研究报告将这些新兴人群分为两类：一是新兴的较为富裕的旅客。这类人群介于18至34岁之间，处于职业生涯的初期，他们具有丰富的知识储备，对服务和附加产品非常敏感。二是高收入常旅客。这类人群拥有更丰富的航空旅行经验，处于职业生涯的中期，他们对个人空间和舒适性有着极为严苛的感知，认为座椅宽度是影响乘坐舒适性最为重要的因素之一。
 
>空客研究报告还对亚洲航空市场客舱舒适性领域的未来发展趋势进行了分析，列出了以下3大趋势：
 
>不关机客舱。对于亚洲公/商务旅客来说，拥有WiFi连接、机上通话和电话会议功能是未来客舱发展的趋势，是客舱舒适水平提高的前提条件。在这样的环境下，商务旅客可以随时与世界各地的商业伙伴进行交流。
 
>引入3D技术。目前3D技术已经广泛应用于娱乐业和零售业，在客舱中引入3D技术可以让乘客观看到更加逼真的电影，拥有更好的购物体验等。空客目前正在验证将第四代机载娱乐系统集成到已经投产机型上的可能性，其中就包括3D电视的应用。
 
>充电客舱。亚洲旅客认为，更加温馨舒适的客舱环境能够让他们更加放松，这对提升工作效率来说至关重要，就好像在进行充电一样。空客飞机在客舱空气质量、安静程度、情景灯光以及座位空间等领域具有绝对优势，这些优势能够大幅提高乘客对于客舱舒适度的感知。
 
>空客客舱舒适性负责人凯文·柯尼斯顿表示：“亚洲乘客的声音正在航空业中变得越来越举足轻重，而且对于未来航空旅行的发展具有指导意义。我们最新的研究清晰地向大家展示了舒适性是目前以及未来亚洲旅客在长途飞行时最为看重的因素。凭借我们现代化的飞机产品，空中客车公司有能力根据这一市场趋势向广大的航空公司客户和用户提供最好的应对措施。我们独特的产品设计可以在满足乘客对于舒适性需求的同时不损害任何其他方面的利益：向乘客提供具有高舒适性水平的客舱，同时帮助航空公司用户提高运营经济性。” 
 
>未来实验室联合创始人马丁·雷蒙德表示：“我们的报告对8个亚洲细分市场航空旅客对舒适性的要求进行了深入而又广泛的调查研究，重点考虑了当地文化以及行为方式对舒适性概念的重要影响。很明显，报告中的两类新兴人群将舒适性视作影响他们选择哪家航空公司出行最重要的因素。”

[爱飞网](http://www.lovefly.com) [www.lovefly.com](http://www.lovefly.com) 本文链接地址：[亚太未来飞机需求超万架 飞机上将可充电WIFI覆盖](http://lovefly.com/post/index?stamp=1417858477381)","1417858477381",1,12,"1417858594497"
"飞行培训授权书","![授权书](http://lovefly.qiniudn.com/allowpaper.jpg)","1417859027199",3,33,
"执照样照","![执照样照](http://lovefly.qiniudn.com/zhizhao1.png)<br/><br/>
![执照样照](http://lovefly.qiniudn.com/zhizhao2.jpg)","1417859990702",3,33,
"学员条件","<font color=""red"" size=""4"">&middot;</font>&nbsp;有一定基本的英语水平 （四级以上为佳）<br/>
<font color=""red"" size=""4"">&middot;</font>&nbsp;身体没有特殊疾病（一般健康标准即可，学员不必过于担心）<br/>
<font color=""red"" size=""4"">&middot;</font>&nbsp;身体健康条件需要通过美国AME 测试，一般健康标准的人都可以通过<br/>
<font color=""red"" size=""4"">&middot;</font>&nbsp;AME 测试分为三级：    <br/>
&nbsp;&nbsp;&nbsp;私人飞行需要达到三级<br/>
&nbsp;&nbsp;&nbsp;商务飞行需要达到二级<br/>
&nbsp;&nbsp;&nbsp;运输飞行需要达到一级
<br/><br/>

![title](http://lovefly.qiniudn.com/stu.png)","1417860252159",3,33,
"‘爱·飞行’培训流程","![process](http://lovefly.qiniudn.com/process.jpg)","1417868398168",3,33,
"就业","私用驾驶执照：驾驶私人飞机或到飞行俱乐部飞行。 
<br/><br/>
商用驾驶执照：个人应聘、公司协助推荐，成为航空公司或公共运输航空公司职业飞行员。
<br/><br/>
学员取得相关执照后我校将择优留教，并可推荐到航空公司工作。
<br/><br/>
![job](http://lovefly.qiniudn.com/job.jpg)","1417868656465",3,33,
"航记飞行培训招生代理","###航记飞行招生省级代理商<br/><br/>

申请条件：<br/>

<font color=""red"" size=""4"">&middot;</font>&nbsp;依法成立的公司；<br/>
<font color=""red"" size=""4"">&middot;</font>&nbsp;有固定的办公场所不少于200平方米；<br/>
<font color=""red"" size=""4"">&middot;</font>&nbsp;有为本项目配备的专业销售团队（不少于3人）；<br/>
<font color=""red"" size=""4"">&middot;</font>&nbsp;成立省级“爱·飞行俱乐部“（具体按俱乐部章程执行）；<br/>
<font color=""red"" size=""4"">&middot;</font>&nbsp;代理期限五年，期限届满可重新申请授权； <br/>
<font color=""red"" size=""4"">&middot;</font>&nbsp;每年不少于学员5名，则第二年自动顺延省级代理权期限；（市场推广宣传期三个月）<br/>
<font color=""red"" size=""4"">&middot;</font>&nbsp;省、直辖市代理费用每年5万 ，一次性支付5年的代理费用。省级代理商前五名签约的享受每年50%的优惠；<br/>
<font color=""red"" size=""4"">&middot;</font>&nbsp;代理商招生的费用结算双方另行签订代理协议 。<br/>

<br/><br/>

###航记飞行招生市级代理商<br/><br/>

申请条件：<br/>
<font color=""red"" size=""4"">&middot;</font>&nbsp;依法成立的公司；<br/>
<font color=""red"" size=""4"">&middot;</font>&nbsp;有固定的办公场所不少于150平方米；<br/>
<font color=""red"" size=""4"">&middot;</font>&nbsp;有为本项目配备的专业销售团队（不少于3人）；<br/>
<font color=""red"" size=""4"">&middot;</font>&nbsp;成立市级“爱·飞行俱乐部“（具体按俱乐部章程执行）；<br/>
<font color=""red"" size=""4"">&middot;</font>&nbsp;代理期限五年，期限届满可重新申请授权； <br/>
<font color=""red"" size=""4"">&middot;</font>&nbsp;每年不少于学员3名，则第二年自动顺延市级代理权期限； （市场推广宣传期三个月）<br/>
<font color=""red"" size=""4"">&middot;</font>&nbsp;市级代理费用每年2万 ，一次性支付5年的代理费用；<br/>
<font color=""red"" size=""4"">&middot;</font>&nbsp;代理商招生的费用结算双方另行签订代理协议 。<br/>","1417868953277",3,33,"1417869172252"
"代理‘爱·飞行’价值浅析一","<font color=""red"" size=""4"">&middot;</font>&nbsp;在全国招收国际飞行学员是公司落地项目的第一步。<br/>

<font color=""red"" size=""4"">&middot;</font>&nbsp;随着中国2015年全面开放低空空域，国家政策的有力支持，强大的潜在市场需求，正在完善的运营环境，使得包括私人飞机在内的通用航空产业成为投资和消费的新热点，今后十年将是私人飞机市场迅猛发展的时代 。<br/>

<font color=""red"" size=""4"">&middot;</font>&nbsp;但由于政策及基础设施原因，国内的通航培训与国外相比，在航空环境、训练软硬件、技术及经验上还有很大的差距。尤其在实际飞行操作上往往无法保证足够的飞行时间。<br/>

<font color=""red"" size=""4"">&middot;</font>&nbsp;在这一背景下，“爱·飞行”整合国际资源，站在通用航空的最前沿——国际飞行培训，无疑在中国通航领域和市场占领了最佳通道和先机。<br/>

<font color=""red"" size=""4"">&middot;</font>&nbsp;多地有识之士已经瞄准中国通用航空的巨大市场，纷纷表达了加入“爱·飞行”国际航空培训业务的合作意愿。<br/>

<font color=""red"" size=""4"">&middot;</font>&nbsp;为了共同促进中国通用航空事业的发展，为中国培训国际化的通用航空专业人才，并着眼于布局未来航空产业链的庞大市场，公司不谋求眼前利益，放低了加盟代理商的准入门槛，对首批加盟代理商优惠招商。<br/>

<font color=""red"" size=""4"">&middot;</font>&nbsp;我们的宗旨是：“着眼国际，布局国内，合作共赢，翱翔未来！”<br/>","1417869346197",3,33,
"代理‘爱·飞行’价值浅析二","<font color=""red"" size=""4"">&middot;</font>&nbsp;成立“爱·飞行俱乐部”是公司落地项目的第二步。<br/>

<font color=""red"" size=""4"">&middot;</font>&nbsp;今年国务院常务会议决定通用机场审批权下发放到地方，各地谋划大发展。<br/>

<font color=""red"" size=""4"">&middot;</font>&nbsp;2013年全国共有颁证民航运输机场193个，2020年将达到244个。而美国、巴西有通用机场数千乃至上万个。<br/>

<font color=""red"" size=""4"">&middot;</font>&nbsp;2015年,中国通用飞机保有量约为2500架,2020年将突破9000架。随着中国低空空域开放,通用航空市场经过初期的培育后,将进入高速成长期。<br/>

<font color=""red"" size=""4"">&middot;</font>&nbsp;在此背景下，成立航空俱乐部无疑具有重要的意义。公司计划以每年3-5家的速度推进全国“爱·飞行俱乐部”的建设和发展。<br/>

<font color=""red"" size=""4"">&middot;</font>&nbsp;俱乐部将提供飞行培训，飞行旅游，飞行娱乐，飞行职业等一体化的方案。<br/>

<font color=""red"" size=""4"">&middot;</font>&nbsp;梦想总是先于人类的脚步，从汽车、游艇、飞机再到航天，梦想总是被不断的刷新和放大，有梦想并敢为人先的人才会成为这个时代的精英。<br/>

<font color=""red"" size=""4"">&middot;</font>&nbsp;拥有这样一批有梦想、有勇气、有实力的时代精英人脉，就会拥有天马行空的非凡创造力、创造空间和创造资源，这种宽阔的格局和一流的舞台正是搭建这个平台真正的价值！<br/>","1417869449661",3,33,
"代理‘爱·飞行’价值浅析三","<font color=""red"" size=""4"">&middot;</font>&nbsp;布局通航产业链是公司落地项目的第三步。<br/>

<font color=""red"" size=""4"">&middot;</font>&nbsp;中国通航产业的发展将引发巨大的新经济增长点。<br/>

<font color=""red"" size=""4"">&middot;</font>&nbsp;通用航空业的发展受到实业界及资本市场的高度关注。 <br/>

<font color=""red"" size=""4"">&middot;</font>&nbsp;“爱·飞行”国际化的视野、团队和资源将捷足先登，以其自身的优势走在这一波新经济浪潮的最前端。<br/>

<font color=""red"" size=""4"">&middot;</font>&nbsp;公司将进一步整合国际资源，以飞机驾驶及维修培训业务为起点，延展至个人飞行活动、飞机销售、飞机租赁、飞机维修等航空服务为主要业务内容的时尚消费品提供商。<br/>

<font color=""red"" size=""4"">&middot;</font>&nbsp;各地加盟代理及俱乐部可以凭借先发优势，和公司进行长期而广泛的合作，在中国通用航空市场站稳脚跟，获得头羹。<br/>

<font color=""red"" size=""4"">&middot;</font>&nbsp;并利用好国家各项优惠政策，配合各地政府通用航空产业的发展规划，进行更为深入而广泛的合作。<br/>

<font color=""red"" size=""4"">&middot;</font>&nbsp;让我们同心协力，务实合作，将中国通用航空这块蛋糕做大做强！","1417869549770",3,33,
"低空空域管理改革进程回顾及详解","###低空开放改革进程回顾<br/>
2003年，民航局出台《通用航空管理条例》。条例对于通用航空涵盖范围、飞行空域使用审批和管理权限、时间做出了规定。<br/>
2007年4月，国家空管委办公室确定中国实施空域分类的目标时间为2010年。<br/>
2009年10月，空管委召开低空空域管理改革研讨会。会议明确将“适时有序开放低空飞行区域”。拟于2015年前在全国范围内逐步放开，2 
020年前完善各项法规及低空管理模式。<br/>
2010年8月，中央军委、国务院联合下发《关于深化低空空域管理体制改革的意见》的通知，确定低空空域改革的总体思路。同年11月《意见》正式印发。<br/>
2010年8月，民航局颁布《通用航空民用机场收费标准》，旨在理顺机场与通用航空之间的利益关系，明确政府管理职责，规范通用航空市场秩序。<br/>
2010年12月，国家空管委下发了关于贯彻落实《国务院、中央军委关于深化我国低空空域管理改革的意见》的措施。<br/>
2011年3月，空域管理体制改革被列入“十二五”重要规划内容，提交全国“两会”讨论。<br/>
2012年11月13日，中国国家空管委办公室副局长马欣透露，中国低空空域管理改革将在2013向全国铺开。<br/>
2012年11月13日，中国国家空管委办公室副局长马欣透露，中国低空空域管理改革将在2013向全国铺开。<br/>
2014年11月21日至22日，国家空管委在北京组织召开全国低空空域管理改革工作会议。我国目前正在沈阳、广州飞行管制区，海南岛，长春、广州、唐山、西安、青岛、杭州、宁波、昆明、重庆飞行管制分区进行真高1000米以下空域管理改革试点，力争2015年在全国推开，标志着我国低空空域资源管理由粗放型向精细化转变。<br/><br/><br/>

###低空空域<br/>
低空空域通常是指真高1000米(含)以下的空间范围，分为三类空域：管制空域、监视空域和报告空域。“低空开放”则可理解成，解除部分航空器在某些低空空域活动的封锁、禁令、限制等。

<br/><br/><br/>

###监视空域<br/>
通常划设在管制空域周围。在此空域内的一切空域使用活动，空域用户向飞行管制部门报备飞行计划后，即可自行组织实施并对飞行安全负责，飞行管制部门严密监视空域使用活动，并提供飞行情报服务和告警服务。

<br/><br/><br/>

###报告空域<br/>
通常划设在远离空中禁区、空中危险区、空中限制区、国（边）境地带、地面重要目标以及飞行密集地区、机场管制地带等区域的上空。在此空域内的一切空域使用活动，空域用户向飞行管制部门报备飞行计划后，即可自行组织实施并对飞行安全负责，飞行管制部门根据用户需要提供航行情报服务。

<br/><br/><br/>

###低空开放<br/>
所谓低空空域开放可解释为：解除部分航空器在某些低空空域活动的封锁、禁令、限制等。2007年，国家颁布的《中华人民共和国飞行基本规则》，飞行实际高度从600米开始到12500米，每隔300米设一个高度层，有严格的规定。一直以来，通用航空作业和转场飞行，高度大多集中在1000米以下空域。 <br/>
当前，大众所关注的“低空开放”是指国家“低空空域管理改革”。改革必须是在确保国家领空安全，确保首都地区、重要军事目标和经济目标、重要的地标性建筑等安全的前提下进行。根据通用航空发展的不同时期、不同阶段，为满足通用航空飞行需求，对不同地区的低空空域管理模式进行改革是必要的。

<br/><br/><br/>

###私人飞机上天条件<br/>
中国私人飞机上天之前必须同时满足3个条件：一是获得民航局核发的飞机适航许可证；二是飞行员经过严格培训，取得相关部门核发的飞行驾照；第三点，是要向空管部门申请飞行空域和飞行计划，得到批准后才能实施飞行活动。而很多空中区域是不允许飞行的，因此获批的难度往往很大，还得等上好几天。另外，飞机从机场起飞前往作业空域，往往需要协调沿途多个飞行管制部门同意才可放行。","1417870686963",1,11,
"北京建亚洲最大医疗楼 楼顶设直升机坪","![北京](http://lovefly.qiniudn.com/0.jpg)

12月5日，北京大学第九家附属医院、筹备12年的北京大学国际医院正式开业，这是落户回龙观的第二家三级医院，该医院一期建筑是亚洲最大的单体医疗建筑。医院楼顶建设直升机停机坪，与999急救中心建设空中医疗项目。而北大国际医院的门诊大厅采取了仿机场航站楼的设计，大厅挑高达15米，弧长151米，患者进入门诊大厅可迅速分流，避免拥堵，住院楼长达400多米，全部病房朝南，医院配置了户外儿童乐园、品牌咖啡厅、美食街、超市等。

![北京建亚洲最大医疗楼 楼顶设直升机坪](http://lovefly.qiniudn.com/zxc.jpg)

北大国际医院副院长刘帆介绍，北京大学国际医院由北京大学和方正集团共同投资兴建。总建筑面积44万平方米，核准床位1800张，一期开放床位数532张，ICU床位159张，手术室46间，信息化按美国医疗信息和管理系统学会最高级别的7级建设。医院开业开设63个诊疗科目，职工总人数超过1400人，其中，卫生技术人员约占75%。

![北京建亚洲最大医疗楼 楼顶设直升机坪](http://lovefly.qiniudn.com/asdf.jpg)

　刘帆透露，北大国际医院与北京大学第六医院、北京大学口腔医院、北京大学肿瘤医院、北京大学人民医院、北大第三医院共同签署了合作协议。北京大学医学部安排这六家“北医系”的核心业务到北大国际医院，负责医院学科建设、人才培养、科研教学等工作。据介绍，在收费标准方面，北大国际医院将实行双轨制。即一部分按照国家医保政策相关规定定价，与北京其他三级大医院价格一样，满足公众基本医疗需要。一部分实行差异化的自主定价，满足患者差异化的、国际化的需求，具体价格即将出台。（中国青年网 ）","1417870895357",1,12,
"飞行员：一年赚40万并不难","<p>&nbsp;&nbsp;&nbsp;&nbsp;尽管通用航空公司冒出来很多，但业内不得不承认，通用航空有很多明显的短板，用监管层官员的话说，是“行业发展能力等制约通用航空发展的瓶颈因素依然存在，系统环境也有待改善”。一个典型的例子是缺飞行员。<br/><br/>
&nbsp;&nbsp;&nbsp;&nbsp;最新数据显示，我国通航业目前共拥有3857架飞机、730名飞行员、286座通航机场；再看美国，通航业共拥有22万架飞机、60万名飞行员、1.5万座机场，每年贡献逾1800亿美元产值。美国飞机和飞行员的比例是1:2.7，而中国的比例却是1：0.19。<br/><br/>

</p>

<p>&nbsp;&nbsp;&nbsp;&nbsp;记者获悉，相比民航的飞行员，参加直升机驾驶执照培训的门槛并不高，对学历、年龄都无特别要求，身高1.65米以上，符合体重指数标准，无骨与关节疾病或畸形，裸眼视力高于0.3，无严重疾病，都可报名学习飞行。要拿到直升机商用牌照通常需要一年的时间，学费也不菲，75万到80万左右。学员主要分为三种：拿到牌照后便于私用的私企老板、富二代，为了寻求航空高薪工作的年轻人，以及由单位出钱委培的职员。<br/><br/>

</p>

<p>&nbsp;&nbsp;&nbsp;&nbsp;吕勇进一步介绍，直升机私用牌照的学费在30万左右，如果考商照，价格高很多。根据直升机不同的型号，两座的学费在80万左右，四座的则需要100多万。<br/><br/></p>

<p>&nbsp;&nbsp;&nbsp;&nbsp;“拿到牌照后，只要几年工夫就能抵上学费支出。”南航艾维人士对记者说，“刚毕业的飞行员，一年的收入大概在10到20万左右，而飞行小时数在500个小时以上较资深的飞行员，一年赚40万并不难。”<br/><br/></p>","1418041424802",1,12,"1418041895572"
"2014年度最佳无人机航拍照","![2014年度最佳无人机航拍照](http://7sbm1c.com1.z0.glb.clouddn.com/a640.jpg)<br/>
![2014年度最佳无人机航拍照](http://7sbm1c.com1.z0.glb.clouddn.com/a650.jpg)<br/>
![2014年度最佳无人机航拍照](http://7sbm1c.com1.z0.glb.clouddn.com/a660.jpg)<br/>
![2014年度最佳无人机航拍照](http://7sbm1c.com1.z0.glb.clouddn.com/a670.jpg)<br/>
![2014年度最佳无人机航拍照](http://7sbm1c.com1.z0.glb.clouddn.com/a680.jpg)<br/>
![2014年度最佳无人机航拍照](http://7sbm1c.com1.z0.glb.clouddn.com/a690.jpg)<br/>
![2014年度最佳无人机航拍照](http://7sbm1c.com1.z0.glb.clouddn.com/a700.jpg)<br/>
![2014年度最佳无人机航拍照](http://7sbm1c.com1.z0.glb.clouddn.com/a710.jpg)<br/>
![2014年度最佳无人机航拍照](http://7sbm1c.com1.z0.glb.clouddn.com/a720.jpg)<br/>
![2014年度最佳无人机航拍照](http://7sbm1c.com1.z0.glb.clouddn.com/a730.jpg)<br/>
![2014年度最佳无人机航拍照](http://7sbm1c.com1.z0.glb.clouddn.com/a740.jpg)<br/>
![2014年度最佳无人机航拍照](http://7sbm1c.com1.z0.glb.clouddn.com/a750.jpg)<br/>
![2014年度最佳无人机航拍照](http://7sbm1c.com1.z0.glb.clouddn.com/a760.jpg)<br/>
![2014年度最佳无人机航拍照](http://7sbm1c.com1.z0.glb.clouddn.com/a770.jpg)<br/>","1418794587099",1,12,
"SOS！紧急救援的问题与出路——中国通用航空救援志愿者行动起航","![紧急救援的问题与出路](http://7sbm1c.com1.z0.glb.clouddn.com/sos1.jpg)<br/><br/>
有人溺水如何安全施救？地震后志愿者该不该进入震区救援？如何应对救援过程中的媒体关注？直升机运送危重病人可以推广吗？……<br/><br/>

11月28日至30日在北京举办的“中国国际防护救援展览会”上，救援领域的专家和业内人士就国家紧急救援产业政策与发展战略、院前急救条例与救援行为免责、紧急救援采购等众多业界关注的议题展开了探讨。<br/><br/>

随着现代经济社会的发展，灾害事故对公众的伤害和影响日益增加，如何有效应对成为国家和社会必须面对的问题。<br/><br/>

国务院发展研究中心研究员魏际刚认为，在自然灾害、事故灾难、公共卫生事件、社会安全事件面前，我国防灾减灾基础薄弱；城市的应急能力因灾害的突发性、多样性而饱受挑战，农村地区的应急产业则基本处于空白。<br/><br/>

他呼吁国家从战略高度重视应急产业，形成产业良好发展环境，培养一批优势优势企业，打造完整高效的应急产业链。<br/><br/>

中国人民大学危机管理研究中心主任唐钧则用“胡闹式救援”来形容当前紧急救援过程中出现的不科学和不规范的问题。<br/><br/>

“不规范的救援往往导致恶劣后果，事与愿违，”他说。包括加剧救援对象的痛苦甚至导致其死亡，以牺牲更多的生命为代价进行救援。“救人者必先自保。例如下窖井救人，不测量井内有毒气体的状况，去救人反而窒息而死。”<br/><br/>

![紧急救援的问题与出路](http://7sbm1c.com1.z0.glb.clouddn.com/sos2.jpg)<br/><br/>

以青岛“11.22”输油管道泄漏爆炸事故为例，原油泄漏后，现场处置人员采用液压破碎锤工作时产生撞击火花，引发暗渠内油气爆炸。如果按照有关预案进行沟通、规范处理程序、及时疏散群众，伤亡人数将大为减少。<br/><br/>

不规范的救援还会恶化灾区社会秩序。例如部分不具备技能资质的志愿者盲目地涌向灾区，既增加了灾区的负担，还堵塞了救援通道。而救援活动失去秩序又会经过媒体放大，在公众心中造成负面效应，影响救援进行。<br/><br/>

唐钧建议，应从制度规范和顶层设计入手，引入公共安全的总体规划，提高救援标准化程度，保障基层救援人员装备，推广紧急救助员的培训和国家职业资格认证，完善救灾志愿者的管理制度，提高公众风险意识，强化自救互助能力。<br/><br/>

展览会还专门举办了“中国通用航空救援论坛”，就航空救援与欧盟及国内相关方面展开专业交流。<br/><br/>

![紧急救援的问题与出路](http://7sbm1c.com1.z0.glb.clouddn.com/sos3.jpg)<br/><br/>

今年8月14日，北京繁华路段直升机“空降”运送危重病人的新闻还历历在目。如何利用通用航空开展应急救援，也因此进入了公众的视角。<br/><br/>
中国航空器拥有者及驾驶员协会秘书长张峰在大会专题会议中国航空紧急救援论坛上，作了题为《中国通用航空企业参与应急救援的运作思考》的首个主题演讲，从“中国应急救援存在的问题”,“通用航空在应急救援中的作用”,“通用航空企业应如何参与？”三个方面论述了在国家低空深层次改革形势下,通用航空对于我国应急救援事业的促进作用、历史机遇和市场挑战。<br/><br/>

据中国信息协会通用航空分会秘书长黄勇介绍，2014年5月发生的美国南加州圣地亚哥山火，紧急撤退2万当地居民，动员各类飞机60余架，大部分是民间通用航空飞机。而云南昭通地震救援，事发两个半小时后救援人员就搭载民航客机抵达昭通机场。<br/><br/>

“在民用机场设立航空救援基地，除了国家航空救援力量，还有社会化的航空救援机构可以向普通市民提供商业化的航空救援服务，更好地惠及普通民众。”黄勇说道。<br/><br/>

中国低空经济智库秘书长乾泉则介绍了美国、俄罗斯、日本、瑞士、德国的航空应急救援体系，以及他们在医疗、搜救、抗震救灾、消防等领域的应用现状，为中国的通用航空救援提供借鉴。<br/><br/>

本次展览会由民政部紧急救援促进中心、国际应急管理学会、中国红十字基金会等主办，并得到国际航空保安协会、国际SOS救援中心、国际消防联盟等主要应急救援组织的支持。<br/><br/>
同时，由民政部紧急救援促进中心、中国航空器拥有者及驾驶员协会、中国信息协会通用航空分会、中国航空运动协会、中国数字信息与安全产业联盟、中国通用航空联合会、中国旋翼机通用航空产业联盟、中国企业家投融资俱乐部、中华儒商联合会、中国儒商文化研究会、中国低空经济网等，在中国通用航空紧急救援论坛上联合发起了“中国通用航空救援志愿者行动”。<br/><br/>
论坛通过建立低空经济智库和通航救援志愿者行动的长效、自律、创新服务合作机制，探索社会主义市场经济体制下通用航空产业创新模式和发展规律，在全国分别规划建设区域性低空经济产业园区、示范基地和产业聚集区，积极开展产业孵化、项目孵化和全产业链运营服务，促进行动（智库）会员单位间资金、技术、项目交流与合作，自觉践行科学发展观，自觉履行个人和企业公民的社会责任，遵纪守法，加强行业自律，积极提升我国低空经济和通用航空产业创新能力，积极建立健全通用航空紧急救援网络体系和社会化航空应急公益服务平台。<br/><br/>","1418795378441",1,12,
"明年低空开放 普通百姓能从中获得什么？","![明年低空开放 普通百姓能从中获得什么](http://7sbm1c.com1.z0.glb.clouddn.com/e-fly.jpg)<br/><br/>
 日前闭幕的全国低空空域管理改革工作会议上，我国目前正在沈阳、广州飞行管制区，海南岛，长春、广州、唐山、西安、青岛、杭州、宁波、昆明、重庆飞行管制分区进行真高1000米以下空域管理改革试点，力争2015年在全国推开。这标志着我国低空空域资源管理由粗放型向精细化转变。<br/><br/>

　　据了解，目前市场上私人飞机的售价便宜得仅相当于一辆中高档轿车。数据显示中国拥有亿万身家的人数预计将从2012年的470人增加到2017年的1040人，买一架私人飞机对于这些富豪来说很简单。即使不是“土豪”，想玩私人飞机也不是没有可能，几十万的小飞机足够上天翱翔了。<br/><br/>

　　可是为什么没人开飞机上班呢？原因就在于目前只有非常有限的空域供民航使用。空域管制极为严格，飞行申报制度，必须提前报备。所以飞机易买，飞行不易。<br/><br/>

　　现在看来，这个问题马上就将不再是问题了。一旦低空开放，天空中将不再冷清。即使是身为普通大众的我们也将从低空开放中获益良多：<br/><br/>

　　飞机驾照想考就考<br/><br/>

　　目前社会上有部分人已经拥有直升机、小型固定翼飞机，但其中部分人员还是没有民航部门颁发的通航驾驶执照，社会上也有一些航空爱好者也想拥有通航驾驶执照，低空空域的开放，一定程度上满足了他们的需求。<br/><br/>

　　低空旅游更便捷<br/><br/>

　　我国一些旅游景区适合开展空中游览，低空空域的开放一定程度上也满足了旅游景区低空飞行的需求，有利于旅游业的发展，满足老百姓空中游览的需求。<br/><br/>

　　我国是一个农业大国，在低空还没有放开的时候，即使是想用飞机代替人力也只能用体型和载荷很有限的无人机。低空开放之后，农民将会用上大型农业飞机来实施田间作业，效率提升的肯定不止一点点。<br/><br/>

　　农用飞机作业<br/><br/>

　　医疗专机走进大众<br/><br/>

　　危急病、重伤人员如果从地面送医院急救可能会遇到交通拥堵，浪费最佳急救时间。低空空域开放可以加快直升机空中飞行医疗急救的发展，简化急救飞行的程序，更大程度满足急救飞行的空域需求，提升医疗急救的速度及时间。<br/><br/>

　　无人机快递飞往各家<br/><br/>

　　目前已经有部分低空飞行承担了农林、巡线（巡视油、气、电线）、安保等领域的任务，低空空域开放将会促进这些领域对低空飞行的需求。现代物流业将有可能发展到空中及时投送，这将加大对低空空域飞行需求。","1418796251058",1,11,
"空军飞行员与民航飞行员工资对比","<p><img src=""http://7sbm1c.com1.z0.glb.clouddn.com/fly3.jpg"" alt=""空军飞行员"" />
<br/><br/>
空军飞行员：<br/><br/>
　　空军飞行员的工资的确不高，其待遇主要体现在以下方面：<br/><br/>
　　一、行政级别高。初任飞行员即为副连职，资深飞行员最高可至副师职。<br/><br/>
　　二、随军条件好。不受副营职以下军官家属不能随军的限制，个别机种飞行员的家属还可直接在军中安排文职工作。<br/><br/>
三、飞行有补助。按飞行小时享受飞行津贴，每小时60-900。<br/><br/>
　　四、年年有疗养。也就是一年享受一次度假。但是空军飞行员培训后可以飞民航客机，而民航客机飞行员是不可能去空军的，所以你可以知道了空军飞行员是更加稀有人才。如果你有机会还是尽量去空军做飞行员吧。<br/><br/>
　　首先空军飞行员基本工资刚毕业是两千多，三年以上的飞行员工资就到5000-11000元。但是还有飞行小时补助，这个补助根据你所飞的飞机而定，飞直升飞机和运输机一般是每小时60-300，飞轰炸机的在600元。但是飞歼系列飞机，尤其是歼10会更高，飞歼10;歼11-11B;等飞一个小时900元左右。所以说一个空军飞行员的月收入在8000-23000元左右而且还有每月1100元伙食补贴，年收入在11--30万元左右。再说穿衣住房都是国家的免费提供。<br/><br/></p>

<p>中国军中有句俗话是，三个农民养个陆军；三个陆军养个海军；三个海军的钱养个空军；三个空军工程师养个空军飞行员。战斗机飞行员的妻子，还可以特招入伍当军官（文职）；子女上大学有照顾，如果考不上地方大学，可以安排入军校；到年限了飞行员停飞后有50—80万元的停飞补助金，等等。<br/><br/>
　　但是比起民航飞行员，还差得很多很多。<br/><br/>
　　二民航（航空公司飞行员）：<br/><br/>
　　目前国内航空公司的薪酬待遇并没有统一的标准，国内的各个航空公司之间的收入差距也很大，而且国内航线和国际航线也有很大差距，一名普通飞行员平均每月有几千元到1万元以上不等的收入。机长至少也有2万元，而像南方的一些航空公司，机长月薪最高的能拿到4万-5万元，曾经就有消息称，国内某航空公司在招聘机长时，甚至提出了年薪80万元人民币外加汽车、花园别墅的天价待遇。<br/><br/></p>

<p>副驾驶的月薪一般是1万元，机长的综合月薪一般在5万元以上。一个机长每年收入65万元以上。但各航空公司飞行员的工资不一样，国航最高。飞国际航线的飞行员补贴是每小时200美元。比机长身份更高级的飞行教员，年薪在70万元至80万元，如果他们的飞行时间够长的话，年薪也要超过百万元了。<br/><br/>
　　不过在很多航空公司，机长的工资没有太大浮动的余地，基本上就是“包月”。按规定，一名机长每天的飞行时间不能超过8小时，一个月的飞行时间不能超过100小时，3个月的总计飞行时间不能超过270小时。有的机长飞国际航线的时候，还会有同事劝他别飞那么多，反正飞多飞少钱都一样。<br/><br/>
　　和外面传闻的一样，现在确实有一些民营航空公司到国营航空公司挖墙脚，请机长跳槽。民营航空公司开出的待遇条件确实诱人，一般副驾驶跳槽后，工资能够涨一半；有些机长的工资更是能翻上一番。为了防止机长跳槽，一些航空公司还成立了“专人看护组”，随时掌握机长的思想动态。<br/><br/></p>","1418991856041",1,12,"1418991883371"
"让美国飞行员欲罢不能的7大淘金行业 在中国你也可以！","<p>&nbsp;&nbsp;&nbsp;&nbsp;先不说飞行员那销魂制服里塑造出的刚毅、坚挺、雍容的身姿，也不谈他们一旦“十年媳妇熬成婆”，从学员升级到机长，拿着几十上百万的高额薪资，咱们先就看看美国一个通用航空飞行员的广阔就业领域，激励心中住着蓝天白云梦的哥哥眉眉们去学飞，翱翔空中，做一名优秀的空中勇士足以!<br/><br/></p>

<p>&nbsp;&nbsp;&nbsp;&nbsp;下面是小编在某国外著名网站上淘到的权威调查，美国通航飞行员可谓是时刻被需要着，走到哪里哪里都是活儿。如果你会飞，或者有计划学飞，都可以访问通航之家，一定会发现属于你的淘金领域。<br/><br/></p>

<p>1) 管道巡线/电力线巡逻<br/><br/></p>

<p><img src=""http://lovefly.qiniudn.com/nw0.jpg"" width=""100%"" height=""auto"" alt=""让美国飞行员欲罢不能的7大淘金行业"" />
<br/><br/></p>

<p>&nbsp;&nbsp;&nbsp;&nbsp;喜欢低空飞行吗?那开直升机进行管道巡线或者电力线巡逻的工作应该适合你。美国各大能源公司利用直升机巡查设备安全隐患，当然少不了要雇佣开直升机的飞行员。一旦有建筑设备受损或因自然灾害造成设备安全问题，开直升机去视察管线情况，找出问题出处，绝对是最快最有效的方式。<br/><br/></p>

<p>&nbsp;&nbsp;&nbsp;&nbsp;小编观测：2013年3月23日，中国西南管道公司兰州输油气分公司首次利用直升机对兰成原油管道进行空中巡线。由于直升机可以解除地理环境约束，沿管道高低走势飞行，而机上巡视人员借助直升机提供的独特视角，配合多种先进观测设备的使用，能够对管道做近距离的多角度细致观察和拍照取证，从而加大了隐患排查的力度，方便地面人员维护。此次直升机巡线为兰州输油气分公司彻底清除了兰成原油管道投产前期的安全隐患、明确管道实际走向奠定基础，标志中国能源公司的巡线方式朝着多元化发展。从此，中国飞行员开始混迹于能源市场。<br/><br/></p>

<p>2) 航拍<br/><br/>
<img src=""http://lovefly.qiniudn.com/nw1.jpg"" width=""100%"" height=""auto"" alt=""让美国飞行员欲罢不能的7大淘金行业"" />
<br/><br/></p>

<p>&nbsp;&nbsp;&nbsp;&nbsp;就算你不会使用照相机，一样有适合你的拍照工作。少部分航拍迷自己开飞机，自己搞航拍，但多数航拍摄影师都会专门高薪聘请飞行员为他们做细致入微的服务，飞行员在各种高度，以各种角度操控飞机，让摄影师拍出最满意的作品来。<br/><br/></p>

<p>&nbsp;&nbsp;&nbsp;&nbsp;小编观测：“看不全我，就不要说你认识我。”想要认清一个地方的全貌，只有航拍能做到。中国地域辽阔，风光迥异，除了本土摄影狂热爱好者，更是吸引了国外的有名摄影师前来航拍中国美景——大兴安岭湿地，云南思茅，西藏拉萨河，喜马拉雅山，雅鲁藏布江，峨眉山，都江堰(微信回复航线，可查询直升机游峨眉和都江堰的详细信息)......都是公认的最美中国航拍地。从此，中国飞行员开始跟着国内外摄影师进行最美创作。<br/><br/></p>

<p>3) 滑翔伞拖拽<br/><br/>
<img src=""http://lovefly.qiniudn.com/nw2.jpg"" width=""100%"" height=""auto"" alt=""让美国飞行员欲罢不能的7大淘金行业"" />
<br/><br/></p>

<p>&nbsp;&nbsp;&nbsp;&nbsp;国外,许多人玩滑翔伞觉得飞得不高，不够刺激，会让飞机在上面拖着走，飞机成了滑翔机的拖拉机，想着都觉得好欢乐。<br/><br/></p>

<p>&nbsp;&nbsp;&nbsp;&nbsp;小编观测：有没有觉得你看到的滑翔伞基本都是在头顶上飞?北京蟒山，石家庄封龙山，内蒙古赤峰平顶山，广西大明山，腾格里沙漠，惠州罗浮山，海南南丽湖，海南兴隆大尖岭山号称国内八大滑翔伞胜地。如果能把这些在头顶上飞的滑翔伞拖拽得再高一点，想必不仅能欣赏到优美风景的全貌，飞行过程也会心旷神怡。从此，飞行员开始了“拔苗助长”的工作，还练就了一身的飞机操控本领。<br/><br/></p>

<p>4) 挂横幅 打广告<br/><br/></p>

<p><img src=""http://lovefly.qiniudn.com/nw3.jpg"" width=""100%"" height=""auto"" alt=""让美国飞行员欲罢不能的7大淘金行业"" />
<br/><br/></p>

<p>&nbsp;&nbsp;&nbsp;&nbsp;在国外，尤其是海滩附近和大城市里，用飞机拉横幅打广告有着巨大的市场需求。<br/><br/></p>

<p>&nbsp;&nbsp;&nbsp;&nbsp;小编观测：小伙子雇直升机拉横幅求女友原谅、跟女友求婚，房地产公司雇直升机拉售楼横幅绕城做宣传，球迷们雇直升机拉横幅为球队加油打气等等事件，都体现出了直升机的巨大本事。在中国也已经并不稀奇，从此，飞行员们开始走上了“广而告之”的传媒道路。<br/><br/></p>

<p>　5) 高空跳伞<br/><br/></p>

<p><img src=""http://lovefly.qiniudn.com/nw4.jpg"" width=""100%"" height=""auto"" alt=""让美国飞行员欲罢不能的7大淘金行业"" />
<br/><br/></p>

<p>&nbsp;&nbsp;&nbsp;&nbsp;爱好极限运动，爱刺激，爱冒险，是美国人固有的标签。没有飞行员开飞机，你想跳都没“门”!<br/><br/></p>

<p>&nbsp;&nbsp;&nbsp;&nbsp;小编观测：想想飞行员工作还是有点小坏小坏的呢，他们总是会在飞机开到一半的时候就把跳伞的人给踢下去。全球十大跳伞最佳地，中国没有入选，游客流量还不是很大，所以这种“坏坏”的工作，咱们暂且搁下。<br/><br/></p>

<p>　　6) “运”飞机<br/><br/>
<img src=""http://lovefly.qiniudn.com/nw5.jpg""  width=""100%"" height=""auto"" alt=""让美国飞行员欲罢不能的7大淘金行业"" />
<br/><br/></p>

<p>&nbsp;&nbsp;&nbsp;&nbsp;每当有人买了新飞机或者每有一架飞机卖出去，一般情况下，这些飞机都是要有新去向的。如果说飞机机主自己不会开飞机，那飞行员的用武之地就来了，他们会花钱让你把飞机开到新家去。<br/><br/></p>

<p>&nbsp;&nbsp;&nbsp;&nbsp;小编观测：中国低空开放的利好优势，让通航飞机的租赁买卖也开始火了起来，国内不乏有大量企业家、富豪购买私人飞机，但并未取得飞行执照。带飞机“回家”这种助人为乐的事情，卡车做过，但飞行员来做才应该是最合理的。<br/><br/></p>

<p>7) 航空测绘<br/><br/></p>

<p><img src=""http://lovefly.qiniudn.com/nw6.jpg"" width=""100%"" height=""auto"" alt=""让美国飞行员欲罢不能的7大淘金行业"" />
<br/><br/></p>

<p>&nbsp;&nbsp;&nbsp;&nbsp;飞行员也能干出有科技含量的活儿!那就是去谷歌公司开飞机做航空测绘工作。像谷歌这类科技公司,会雇用飞行员开着装有专业航空摄影仪的飞机交叉式地飞遍整个国家，目的就是做出像谷歌地球(GoogleEarth)一样的超酷APP。<br/><br/></p>

<p>&nbsp;&nbsp;&nbsp;&nbsp;小编观测：航空测绘是利用飞机上摄取的地表相片为依据进行量测判断拍摄的地面上物体大小、形状、空间位置关系，从而建立被摄取的地区的地形图信息数据资料。的确，谷歌地球功能强大，在全球都广泛受用。指不定哪天百度、腾讯、网易、新浪也能研发出比谷歌地球更牛的软件来。从此，飞行员就将贴上“飞行，只为科技”的标签。<br/><br/></p>","1419085978731",1,12,"1419086106502"
